{"search":"","showTags":true,"showAttachments":true,"hideUnresolved":true,"showOrphans":true,"showArrow":true,"textFadeMultiplier":-3,"nodeSizeMultiplier":1.49446980337079,"lineSizeMultiplier":2.52505266853933,"centerStrength":0.440304487179487,"repelStrength":13.3760683760684,"linkStrength":0.760950854700855,"linkDistance":500,"scale":0.1835818239498836}